Title,Media URL,Pinterest board,Thumbnail,Description,Link,Publish date,Keywords
"Apartment Has No Ceiling Light?","https://apartmentsurvivalkits.com/promo/dark-apartment-lighting/pins/pin-01.png","Renter-Friendly Fixes",,"A renter-friendly lighting kit for dark apartments with no ceiling light, plug-in lighting ideas, and what to skip. This page contains Amazon affiliate links. #ad","https://apartmentsurvivalkits.com/kits/daily-fixes/dark-apartment-lighting/?utm_source=pinterest&utm_medium=social&utm_campaign=bulk_promo&utm_content=dark-apartment-lighting-pin-01","2026-08-05T15:00:00","apartment lighting, renter friendly lighting, no ceiling light, dark apartment, rental apartment ideas"
"Dark Rental Room? Fix It Without Drilling","https://apartmentsurvivalkits.com/promo/dark-apartment-lighting/pins/pin-02.png","Renter-Friendly Fixes",,"Dark apartment lighting ideas for renters: floor lamps, plug-in pendants, rechargeable lights, and safer cord routing. #ad","https://apartmentsurvivalkits.com/kits/daily-fixes/dark-apartment-lighting/?utm_source=pinterest&utm_medium=social&utm_campaign=bulk_promo&utm_content=dark-apartment-lighting-pin-02","2026-08-06T15:00:00","apartment lighting, renter friendly lighting, no ceiling light, dark apartment, rental apartment ideas"
"Stop Buying Tiny Lamps First","https://apartmentsurvivalkits.com/promo/dark-apartment-lighting/pins/pin-03.png","Renter-Friendly Fixes",,"What to buy when an apartment has no ceiling light: a compact renter-friendly kit with product ideas and skip notes. #ad","https://apartmentsurvivalkits.com/kits/daily-fixes/dark-apartment-lighting/?utm_source=pinterest&utm_medium=social&utm_campaign=bulk_promo&utm_content=dark-apartment-lighting-pin-03","2026-08-07T15:00:00","apartment lighting, renter friendly lighting, no ceiling light, dark apartment, rental apartment ideas"
"No Pantry in Your Apartment?","https://apartmentsurvivalkits.com/promo/no-pantry-organization/pins/pin-01.png","Small Kitchen Organization",,"Small kitchen pantry alternatives for apartments with no pantry: cabinet risers, door storage, bins, and what to skip. This page contains Amazon affiliate links. #ad","https://apartmentsurvivalkits.com/kits/kitchen/no-pantry-organization/?utm_source=pinterest&utm_medium=social&utm_campaign=bulk_promo&utm_content=no-pantry-organization-pin-01","2026-08-08T15:00:00","no pantry apartment, small kitchen organization, renter kitchen storage, pantry alternatives, apartment kitchen ideas"
"Small Kitchen Storage Without Drilling","https://apartmentsurvivalkits.com/promo/no-pantry-organization/pins/pin-02.png","Small Kitchen Organization",,"A renter-friendly no-pantry kitchen organization kit for small apartments, tiny cabinets, and dry goods clutter. #ad","https://apartmentsurvivalkits.com/kits/kitchen/no-pantry-organization/?utm_source=pinterest&utm_medium=social&utm_campaign=bulk_promo&utm_content=no-pantry-organization-pin-02","2026-08-09T15:00:00","no pantry apartment, small kitchen organization, renter kitchen storage, pantry alternatives, apartment kitchen ideas"
"Do Not Buy Containers First","https://apartmentsurvivalkits.com/promo/no-pantry-organization/pins/pin-03.png","Small Kitchen Organization",,"How to organize food without a pantry in a small apartment, with renter-safe products and buying priorities. #ad","https://apartmentsurvivalkits.com/kits/kitchen/no-pantry-organization/?utm_source=pinterest&utm_medium=social&utm_campaign=bulk_promo&utm_content=no-pantry-organization-pin-03","2026-08-10T15:00:00","no pantry apartment, small kitchen organization, renter kitchen storage, pantry alternatives, apartment kitchen ideas"
"Your First Box to Open on Moving Day","https://apartmentsurvivalkits.com/promo/open-first-box/pins/pin-01.png","Moving Day Checklists",,"Open first box checklist for apartment move-in day: what to pack for the first night before every other box is unpacked. This page contains Amazon affiliate links. #ad","https://apartmentsurvivalkits.com/kits/move-in/open-first-box/?utm_source=pinterest&utm_medium=social&utm_campaign=bulk_promo&utm_content=open-first-box-pin-01","2026-08-11T15:00:00","moving day checklist, first apartment essentials, first night box, move in checklist, apartment moving tips"
"First Night in a New Apartment Checklist","https://apartmentsurvivalkits.com/promo/open-first-box/pins/pin-02.png","Moving Day Checklists",,"Moving day essentials for apartment renters: first-night items, tools, cleanup basics, and what not to bury in the truck. #ad","https://apartmentsurvivalkits.com/kits/move-in/open-first-box/?utm_source=pinterest&utm_medium=social&utm_campaign=bulk_promo&utm_content=open-first-box-pin-02","2026-08-12T15:00:00","moving day checklist, first apartment essentials, first night box, move in checklist, apartment moving tips"
"Do Not Pack These Too Deep","https://apartmentsurvivalkits.com/promo/open-first-box/pins/pin-03.png","Moving Day Checklists",,"What to pack in a first-night moving box for an apartment, plus useful products and skip notes for renters. #ad","https://apartmentsurvivalkits.com/kits/move-in/open-first-box/?utm_source=pinterest&utm_medium=social&utm_campaign=bulk_promo&utm_content=open-first-box-pin-03","2026-08-13T15:00:00","moving day checklist, first apartment essentials, first night box, move in checklist, apartment moving tips"
"First Apartment Kitchen Minimum Kit","https://apartmentsurvivalkits.com/promo/minimum-kitchen-kit/pins/pin-01.png","First Apartment Essentials",,"A minimum kitchen essentials checklist for first apartment renters who want useful basics before extra gadgets. This page contains Amazon affiliate links. #ad","https://apartmentsurvivalkits.com/kits/kitchen/minimum-kitchen-kit/?utm_source=pinterest&utm_medium=social&utm_campaign=bulk_promo&utm_content=minimum-kitchen-kit-pin-01","","minimum kitchen essentials, first apartment kitchen, apartment kitchen basics, small kitchen starter kit, renter kitchen checklist"
"Do Not Overbuy Your First Kitchen","https://apartmentsurvivalkits.com/promo/minimum-kitchen-kit/pins/pin-02.png","First Apartment Essentials",,"What kitchen items you actually need for a first apartment, with a simple minimum kit and skip notes. #ad","https://apartmentsurvivalkits.com/kits/kitchen/minimum-kitchen-kit/?utm_source=pinterest&utm_medium=social&utm_campaign=bulk_promo&utm_content=minimum-kitchen-kit-pin-02","","minimum kitchen essentials, first apartment kitchen, apartment kitchen basics, small kitchen starter kit, renter kitchen checklist"
"Kitchen Basics If You Barely Cook","https://apartmentsurvivalkits.com/promo/minimum-kitchen-kit/pins/pin-03.png","First Apartment Essentials",,"Minimal first apartment kitchen essentials for renters who barely cook but still need a functional kitchen. #ad","https://apartmentsurvivalkits.com/kits/kitchen/minimum-kitchen-kit/?utm_source=pinterest&utm_medium=social&utm_campaign=bulk_promo&utm_content=minimum-kitchen-kit-pin-03","","minimum kitchen essentials, first apartment kitchen, apartment kitchen basics, small kitchen starter kit, renter kitchen checklist"
"First Apartment Cleaning Kit","https://apartmentsurvivalkits.com/promo/first-apartment-cleaning-kit/pins/pin-01.png","Apartment Cleaning Checklists",,"First apartment cleaning supplies checklist for move-in day, basic resets, and renter-friendly cleaning priorities. This page contains Amazon affiliate links. #ad","https://apartmentsurvivalkits.com/kits/cleaning/first-apartment-cleaning-kit/?utm_source=pinterest&utm_medium=social&utm_campaign=bulk_promo&utm_content=first-apartment-cleaning-kit-pin-01","","first apartment cleaning supplies, move in cleaning kit, apartment cleaning checklist, renter cleaning supplies, basic cleaning kit"
"Move-In Cleaning Supplies Checklist","https://apartmentsurvivalkits.com/promo/first-apartment-cleaning-kit/pins/pin-02.png","Apartment Cleaning Checklists",,"Move-in cleaning supplies for apartment renters: simple products to clean the place before settling in. #ad","https://apartmentsurvivalkits.com/kits/cleaning/first-apartment-cleaning-kit/?utm_source=pinterest&utm_medium=social&utm_campaign=bulk_promo&utm_content=first-apartment-cleaning-kit-pin-02","","first apartment cleaning supplies, move in cleaning kit, apartment cleaning checklist, renter cleaning supplies, basic cleaning kit"
"Clean Before You Set Up","https://apartmentsurvivalkits.com/promo/first-apartment-cleaning-kit/pins/pin-03.png","Apartment Cleaning Checklists",,"Basic cleaning kit for a first apartment, with move-in priorities and what not to overbuy. #ad","https://apartmentsurvivalkits.com/kits/cleaning/first-apartment-cleaning-kit/?utm_source=pinterest&utm_medium=social&utm_campaign=bulk_promo&utm_content=first-apartment-cleaning-kit-pin-03","","first apartment cleaning supplies, move in cleaning kit, apartment cleaning checklist, renter cleaning supplies, basic cleaning kit"
"Basic Tool Kit for Apartment Renters","https://apartmentsurvivalkits.com/promo/basic-tool-kit/pins/pin-01.png","First Apartment Essentials",,"Basic tool kit checklist for apartment renters and first apartment move-in tasks. This page contains Amazon affiliate links. #ad","https://apartmentsurvivalkits.com/kits/move-in/basic-tool-kit/?utm_source=pinterest&utm_medium=social&utm_campaign=bulk_promo&utm_content=basic-tool-kit-pin-01","","basic tool kit apartment, tools every renter needs, first apartment tools, renter tool kit, move in tools"
"Tools Every Renter Actually Needs","https://apartmentsurvivalkits.com/promo/basic-tool-kit/pins/pin-02.png","First Apartment Essentials",,"Tools every renter needs for an apartment, without buying a bulky homeowner kit. #ad","https://apartmentsurvivalkits.com/kits/move-in/basic-tool-kit/?utm_source=pinterest&utm_medium=social&utm_campaign=bulk_promo&utm_content=basic-tool-kit-pin-02","","basic tool kit apartment, tools every renter needs, first apartment tools, renter tool kit, move in tools"
"Do Not Move In Without These Tools","https://apartmentsurvivalkits.com/promo/basic-tool-kit/pins/pin-03.png","First Apartment Essentials",,"First apartment tools checklist for renters who need the basics without overbuying. #ad","https://apartmentsurvivalkits.com/kits/move-in/basic-tool-kit/?utm_source=pinterest&utm_medium=social&utm_campaign=bulk_promo&utm_content=basic-tool-kit-pin-03","","basic tool kit apartment, tools every renter needs, first apartment tools, renter tool kit, move in tools"
"No-Drill Curtains for Renters","https://apartmentsurvivalkits.com/promo/no-drill-curtains/pins/pin-01.png","No-Drill Apartment Ideas",,"How to hang curtains in a rental without holes, with no-drill curtain options and what to skip. This page contains Amazon affiliate links. #ad","https://apartmentsurvivalkits.com/kits/no-drill/no-drill-curtains/?utm_source=pinterest&utm_medium=social&utm_campaign=bulk_promo&utm_content=no-drill-curtains-pin-01","","no drill curtains, renter curtains, hang curtains without holes, apartment curtains no drilling, tension rod curtains"
"Hang Curtains Without Drilling","https://apartmentsurvivalkits.com/promo/no-drill-curtains/pins/pin-02.png","No-Drill Apartment Ideas",,"No-drill curtain ideas for apartments, including tension rods and renter-safe window cover options. #ad","https://apartmentsurvivalkits.com/kits/no-drill/no-drill-curtains/?utm_source=pinterest&utm_medium=social&utm_campaign=bulk_promo&utm_content=no-drill-curtains-pin-02","","no drill curtains, renter curtains, hang curtains without holes, apartment curtains no drilling, tension rod curtains"
"Rental Curtains Without Losing Deposit","https://apartmentsurvivalkits.com/promo/no-drill-curtains/pins/pin-03.png","No-Drill Apartment Ideas",,"Renter-friendly curtain setup checklist for apartments where drilling is not allowed. #ad","https://apartmentsurvivalkits.com/kits/no-drill/no-drill-curtains/?utm_source=pinterest&utm_medium=social&utm_campaign=bulk_promo&utm_content=no-drill-curtains-pin-03","","no drill curtains, renter curtains, hang curtains without holes, apartment curtains no drilling, tension rod curtains"
"Entryway With No Closet?","https://apartmentsurvivalkits.com/promo/entryway-no-closet/pins/pin-01.png","Small Apartment Storage",,"Apartment entryway no closet kit with renter-friendly storage ideas for shoes, coats, keys, and bags. This page contains Amazon affiliate links. #ad","https://apartmentsurvivalkits.com/kits/small-space/entryway-no-closet/?utm_source=pinterest&utm_medium=social&utm_campaign=bulk_promo&utm_content=entryway-no-closet-pin-01","","apartment entryway no closet, small entryway storage, no closet entryway, renter friendly entryway, apartment shoe storage"
"Small Apartment Entryway Fix","https://apartmentsurvivalkits.com/promo/entryway-no-closet/pins/pin-02.png","Small Apartment Storage",,"Small apartment entryway storage ideas for rentals without an entry closet or mudroom. #ad","https://apartmentsurvivalkits.com/kits/small-space/entryway-no-closet/?utm_source=pinterest&utm_medium=social&utm_campaign=bulk_promo&utm_content=entryway-no-closet-pin-02","","apartment entryway no closet, small entryway storage, no closet entryway, renter friendly entryway, apartment shoe storage"
"Stop the Doorway Pile","https://apartmentsurvivalkits.com/promo/entryway-no-closet/pins/pin-03.png","Small Apartment Storage",,"No-closet entryway storage kit for renters who need a cleaner apartment entrance. #ad","https://apartmentsurvivalkits.com/kits/small-space/entryway-no-closet/?utm_source=pinterest&utm_medium=social&utm_campaign=bulk_promo&utm_content=entryway-no-closet-pin-03","","apartment entryway no closet, small entryway storage, no closet entryway, renter friendly entryway, apartment shoe storage"
"Closet Smells Musty?","https://apartmentsurvivalkits.com/promo/closet-smell-dampness/pins/pin-01.png","Renter-Friendly Fixes",,"Closet smell and dampness kit for apartment renters dealing with musty closets and moisture. This page contains Amazon affiliate links. #ad","https://apartmentsurvivalkits.com/kits/daily-fixes/closet-smell-dampness/?utm_source=pinterest&utm_medium=social&utm_campaign=bulk_promo&utm_content=closet-smell-dampness-pin-01","","musty closet smell, damp closet apartment, closet odor renter, apartment humidity, closet moisture absorber"
"Damp Closet in an Apartment","https://apartmentsurvivalkits.com/promo/closet-smell-dampness/pins/pin-02.png","Renter-Friendly Fixes",,"How to fix a damp closet in a rental apartment with simple moisture and airflow basics. #ad","https://apartmentsurvivalkits.com/kits/daily-fixes/closet-smell-dampness/?utm_source=pinterest&utm_medium=social&utm_campaign=bulk_promo&utm_content=closet-smell-dampness-pin-02","","musty closet smell, damp closet apartment, closet odor renter, apartment humidity, closet moisture absorber"
"Do Not Just Add Scent","https://apartmentsurvivalkits.com/promo/closet-smell-dampness/pins/pin-03.png","Renter-Friendly Fixes",,"Musty closet smell checklist for renters: what to buy, what to skip, and how to reduce dampness. #ad","https://apartmentsurvivalkits.com/kits/daily-fixes/closet-smell-dampness/?utm_source=pinterest&utm_medium=social&utm_campaign=bulk_promo&utm_content=closet-smell-dampness-pin-03","","musty closet smell, damp closet apartment, closet odor renter, apartment humidity, closet moisture absorber"
